<?xml version="1.0" encoding="UTF-8"?>
<!DOCTYPE suite SYSTEM "http://testng.org/testng-1.0.dtd">
<suite name="All Test Suite">
    <listeners>
        <listener class-name="com.orange.qa.listeners.CustomListener"></listener>
    </listeners>
    <test verbose="2" preserve-order="true" name="/home/mohag/Documents/Assignments/OrangeHRM">
        <classes>
            <class name="com.orange.qa.test.LoginPageTest"/>
            <class name="com.orange.qa.test.EmploymentPageTest"/>
            <class name="com.orange.qa.test.DirectoryPageTest"/>
        </classes>
    </test>
</suite>